"filename","contentname","type","timestamp","link_mfire","link_gdrive","filesize","meta"
"13kerajaan.zip","13 Kerajaan (v1.82)","g",,"vz971tdd1d3zcuc","#","26 MB","has subversion"
"abjadwar.zip","Abjad War","g",,"uokhai7tcd3lolc","#","9 MB",
"ace.zip","Ace Hard Core","g",,"xnedtez5wg601gs","#","10 MB",
"advbutton.zip","The Adventure of Button","g",,"14q2uddx41u15s9","#","34 MB",
"aigokoreacopy.zip","Aigo Korea (ver 1.00)","g",,"scz3bor2nu99m56","#","7 MB",
"ambush.zip","Ambush Leaders","g",,"pd48jc93x1gj78b","#","7 MB",
"anakterlaludimanja.zip","ANAK TERLALU DIMANJA","c",,"wp74vi468g1ix0x","#","775 KB",
"andai.zip","Andai Aku Koruptor","g",,"gr3d12lf42uttq2","#","7 MB",
"anjingperokokthegame.zip","Anjing Perokok (ver 1.00)","g",,"c9fh44kgvfp6c7z","#","12 MB",
"anything4love.zip","Anything 4 Love","g",,"g63qkw1yrk54gyn","#","10 MB",
"bajajjakarta.zip","Bajaj Jakarta","g",,"8w4fcj1uk4swl2j","#","17 MB",
"bakatbisnis.zip","Bakat Bisnis","g",,"mv4xx4tn4vjx5is","#","9 MB",
"bambobandel.zip","Si Bandel Bambo","c",,"f0hree56jp6aeq8","#","1 MB",
"bamboijo1b.zip","Bambo Ijo","c",,"aw6ps0q75pf23bo","#","632 KB",
"bamboketik.zip","Pendekar Bambo Ketik","g",,"bb74r7sa7798xyw","#","6 MB",
"bamboquest.zip","Bambo Quest Melawan Raja Kobra","g",,"8qfayv6hsez1d75","#","10 MB",
"bambotakutular.zip","BAMBO TAKUT ULAR","c",,"rt4adczw4poxoe8","#","1 MB",
"beda.zip","Beda","g",,"0d6cklm3647cq6y","#","9 MB",
"bekantan.zip","Bekantan","g",,"qvnfca26vbr0b34","#","2 MB","swf"
"bello.zip","Bello Adventure","g",,"i7956qf655pqaye","#","19 MB",
"berasbesar.zip","Beras Besar (light ver.)","g",,"obi9yn7s5td2ak4","#","7 MB",
"bledhar.zip","Bambo Bledhar","g",,"g30rsaaxcp55cxo","#","8 MB",
"botrayal.zip","Botrayal 3D","g",,"cvec6w663npzy7q","#","114 MB",
"bubbletrouble.zip","Bubble and Trouble","g",,"vkvenf5y7yqhhz7","#","8 MB","has subversion"
"burungmatika.zip","Burung Matika","g",,"9ucb6g8tbc137f1","#","16 MB",
"campusfighter.zip","Campus Fighter Turbo","g",,"wi9o213wuc0is29","#","46 MB",
"cangkul.zip","Magical Cangkul","g",,"58qqjprvxezoh5r","#","11 MB",
"capres2014.zip","Game Carpres 2014","g",,"7z5kjvpjq9jj94c","#","44 MB",
"capsa.zip","Kartu 13 Capsa","g",,"i6sduc54j7te2p5","#","3 MB",
"castaway.zip","Cast Away","g",,"r5h4exh99nechfm","#","20 MB",
"catur.zip","Catur Divinekids","g",,"qmdfa4gsd0z03xe","#","10 MB",
"caturdjawa.zip","Catur Djawa Online","g",,"4uq4j9p5b8v36bp","#","9 MB",
"cgc.zip","Campus Girl Crysis","g",,"qpe1beiehvncnmb","#","31 MB",
"cherrydays.zip","Cherry Days","g",,"c8429stm4t48fet","#","41 MB",
"ciciruangbangun.zip","Mari Berhitung Ruang Bangun","g",,"0uy94a65tyaxro4","#","13 MB",
"crazyfireworks.zip","Crazy Fireworks","g",,"jp8qsmnd9v1ct2w","#","6 MB",
"cupid.zip","Cupid- Heart Diamond","g",,"pa49b6j0zmwa9lr","#","28 MB",
"dadu.zip","Dadu Master SE","g",,"3tan7ji7o9ndu9d","#","15 MB",
"darkkingdom.zip","The Adventure to Dark Kingdom","g",,"hfmxk2x6mij5dnj","#","25 MB",
"daunkehidupan.zip","Daun Kehidupan","g",,"aucprfg790140ia","#","20 MB",
"deepseabattle.zip","Deep Sea Battle","g",,"p0p66vhpwi6mxem","#","3 MB",
"detektifbambang.zip","DETEKTIF BAMBANG","c",,"p7zlll92fn4w8d4","#","2 MB",
"dilarangbolossekolah.rar","Dilarang Bolos Sekolah","g",,"ho4qax2hc17toaw","#","7 MB","swf alt"
"dishfrenzy.zip","Dish Frenzy","g",,"bdpvu8au3bpq1w6","#","4 MB",
"divinejet-beta.zip","Divine Jets Beta","g",,"bu3jaebbrefzquj","#","3 MB",
"divinekids-malinkundang.zip","Divine Kids - Malin Kundang","c",,"fheym0y00479jf6","#","3 MB",
"divinekidsr.zip","Divinekids R","g",,"yhh6rhud3clsc2n","#","45 MB",
"dksf.zip","Divine Kids Strategy Frontier","g",,"8zc1wrg6378i1z5","#","80 MB",
"dma.zip","Dunia Mewarnai Anak","g",,"4xpn6vg3bzdggjx","#","2 MB",
"duniamewarnaidk.zip","Dunia Mewarnai Divinekids","g",,"tb11bczq6bq9715","#","3 MB",
"echoes.zip","Echoes of Silence","g",,"ql616tsh5c5hs82","#","103 MB",
"engarde.zip","En Garde (HP Nokia)","g",,"1z7rn81kf6abhyy","#","35 MB",
"englishbook1.zip","English Book 1","g",,"7zu2w0lj7h72x24","#","24 MB",
"englishwords.zip","English Words","g",,"ye83ad4ztaxkcxy","#","8 MB",
"eril.zip","Petualangan Eril","g",,"yqz1r0me6f4g96m","#","27 MB",
"escapingcastle.zip","Escaping Castle","g",,"olz3q3x21zkke94","#","20 MB",
"farmonster.zip","Farmonster","g",,"0j2qoi09tffkvk6","#","10 MB","has apk version"
"flippo.zip","Flippo","g",,"f5acieayxuyv8yc","#","20 MB",
"forestia.zip","Forestia","g",,"ff9f7ofx3l34mxg","#","9 MB",
"frixa.zip","Frixia","g",,"zp9b3enu5berjda","#","75 MB",
"funfunstudy.zip","Fun Fun Study","g",,"xhcy7d3src8me85","#","20 MB",
"galacticbattle.zip","Galactic Battle","g",,"qemmx0drd482ad1","#","8 MB",
"gameku.zip","Gameku Sendiri","g",,"7mzyecuyz4tonbu","#","21 MB",
"gamesby.zip","Game SBY Anti Koruptor","g",,"78jr9btbj0o8job","#","6 MB",
"gamestrategiku.zip","Game Strategiku","g",,"551kwho15zh3ok1","#","10 MB",
"garudajetz.zip","Garuda Jetz v1.25","g",,"o06ia6fpijclqx0","#","18 MB",
"gasingpoxieterbang.zip","Matematika Gasing Poxie Terbang","g",,"ju25ahxhqsszver","#","10 MB","swf alt"
"gatotkaca2159.zip","Gatot Kaca 2159","g",,"mll4o1v28vdy3wa","#","3 MB",
"gic.zip","Ghost In Campus","g",,"havycz7uhoa7e01","#","20 MB",
"hadapiun.zip","Hadapi UN","g",,"4p8dbml5f78v3g5","#","35 MB",
"hamsterrakyat.zip","HAMSTER RAKYAT","c",,"981gpx8zyk6c6ul","#","55 MB",
"harisialkidi.zip","Hari Sial Kidi","c",,"c5c6t686mcqaqv7","#","2 MB",
"hitung.zip","Berhitung Keren DK","g",,"13e1pekohtjk5dd","#","11 MB",
"idontwannabe.zip","I DON'T WANNA BE","c",,"f153ttzwt50vlke","#","2 MB",
"indonesiamerdeka17an.apk","Indonesia Merdeka","g",,"3pkor8rr8fupdno","#","13 MB",
"indorace.zip","Indorace (Demo)","g",,"8cjzu1kf69w48ej","#","38 MB",
"jagoansampahskets.zip","Jagoan Sampah (SKETSA)","c",,"6dfebikj6igmqyo","#","2 MB",
"jaran.zip","Jaran DivineKids Menyamakan Bentuk","g",,"qd6w7cl677kappg","#","10 MB",
"jojojeje.zip","Petualangan Jojo Jeje","g",,"264dvbjo944bwp9","#","16 MB",
"kaguya.zip","The Princess Kaguya","g",,"283pm3ncuvcbidg","#","11 MB",
"kameraterkutuk.zip","Kamera Terkutuk","g",,"70w9p96n5cs2xwx","#","27 MB",
"kaptenpembasmi.zip","Kapten Pembasmi","g",,"5395lpz2qqnd9ez","#","18 MB",
"kidiketapel.zip","Kidi Ketapel (ver 1.20)","g",,"pc769sg24a09arx","#","10 MB",
"kkdkalpha.zip","Kartu Kembar DK Alpha","g",,"8qjqx5xg6uduqnv","#","23 MB",
"kkdkmbhs.zip","Kartu Kembar DK Multi Bahasa","g",,"h1a6ht6yn3bz6nw","#","26 MB",
"kkdkvariasi.zip","Kartu Kembar Variasi","g",,"8r8g36g1gu3brj7","#","4 MB",
"knightlegend.zip","Knight Legend","g",,"z6w901ei6e6gpa9","#","20 MB",
"kokinusantara.zip","Koki Nusantara","g",,"h5f4ovb8u4279vu","#","21 MB","swf alt"
"komikita.zip","KOMIKITA","c",,"3big0i3pr92htz6","#","5 MB",
"kuasajaib.zip","KUAS AJAIB","c",,"8fkcab7tbqxfyc9","#","3 MB",
"kuis.zip","Kuis Kata DK","g",,"pq0l8edbfamfa98","#","5 MB",
"kuis7m.zip","Kuis 7 Miliar Rupiah / 7 Billion Quiz","g",,"bdp6s5d0d8dn193","#","14 MB",
"lostvillage.zip","The Lost Village","g",,"u79sst8r8hxg0ze","#","16 MB",
"lovediamond.zip","Love Diamond","g",,"btun55b1m42r05e","#","29 MB",
"lovej.zip","Love Journey","g",,"mhx4b2ua14afhrj","#","17 MB",
"lu.zip","The Adventure of Xiao Lu","g",,"4igq6rvdepk99g1","#","359 MB",
"mangkokdk.zip","Mangkok Cepat DK / Quick Bowl DK","g",,"o3e668buk0kwtw3","#","2 MB",
"marathon.zip","Marathon","g",,"u5uyhb4275ymytn","#","15 MB",
"mathcurse.swf","Math Curse","g",,"a3ena5g0eevyad7","#","3 MB","swf only"
"mbk.zip","Mobil Balap Ketik","g",,"bcob8bcrmjc416j","#","704 KB",
"medi.zip","Journel of Medi","g",,"rd6hu632daz6nje","#","10 MB",
"mesias.zip","Mesias / Messiah","g",,"d4da65rye5v6fre","#","38 MB","has subversion"
"misibesar.zip","Misi Besar Divine Edu","g",,"627jgg0j77sd2tl","#","39 MB",
"mo.zip","Mo's Day Out","g",,"6x9mmkanqg9qasd","#","7 MB",
"mobilkebut.zip","Mobil Negbut!","g",,"5p4ljnnx55upq1o","#","40 MB",
"momoko.zip","The Adventure of Momoko","g",,"lmf6x59ep3lc4s2","#","74 MB",
"monster.zip","Monster Jahat Buster","g",,"f5exqaalh5upvsu","#","7 MB",
"mozzymizzy.zip","Mozzy Mizzy","g",,"5erbr521vae7rno","#","51 MB",
"mrpocong.zip","Misteri Raja Pocong","g",,"wc37w4ib2d7lc2r","#","40 MB",
"n1botr.zip","Nevanoid 1 New","g",,"30pid2b990wpbsg","#","49 MB","duplicate"
"namahewan3bahasa.zip","Nama Hewan 3 Bahasa","g",,"32016vyv4l5kg21","#","13 MB",
"nanny.zip","The Nanny","g",,"wvsmx1cx6elg5u5","#","21 MB",
"nasitumpengpresiden.zip","Nasi Tumpeng Presiden","g",,"hcblgkmqvpopycb","#","8 MB",
"nevanoid.zip","Nevanoid","g",,"bfct1pqtb9ty1xt","#","57 MB","has subversion"
"ngoceh.zip","Ngoceh Indonesia","g",,"d4s1pts91utbn0a","#","79 MB",
"octo-krusto.zip","OCTO","c",,"qao9a3w6ywma6l9","#","450 KB",
"paichelo.zip","Pai Che Lo","g",,"6ub8prakyd2k24z","#","68 MB",
"panco.zip","Panco Master","g",,"j2m7hk664hkr95t","#","48 MB",
"pecahanfractions.zip","Bilangan Pecahan Fraction Survival","g",,"gzxhzr89n6xzmuk","#","4 MB",
"pejuang.zip","Pejuang Indonesia","g",,"w1yco9moc5lh1bc","#","134 MB",
"pemburujahat.zip","Pemburu Jahat","g",,"uc7htb2ufo85sc7","#","46 MB",
"pemburupocong.zip","Pemburu Pocong","g",,"5am7wkr52uz76my","#","399 KB",
"pemburutikus.zip","Pemburu Tikus","g",,"615ab1mbz9enfqb","#","2 MB",
"pemilu2004.zip","Game Pemilu 2004","g",,"somfth5dfdh566r","#","9 MB",
"pemilu2009.zip","Game Pemilu 2009","g",,"n8dw6vzz9ik6avv","#","8 MB",
"penjagacinta.zip","PENJAGA CINTA","c",,"y2ao4nc2f6q7n56","#","1 MB",
"pentungbambo.zip","Pentung Bambo (HP Nokia)","g",,"7t35h510p591lw2","#","213 KB",
"petbambo.zip","Petualangan Bambo","c",,"h39eeja75i9koqr","#","2 MB",
"petdivine.zip","Petualangan Divinekids","g",,"kwa6fl92j632x2x","#","32 MB",
"pomme.zip","Pomme","g",,"okaemi1ew1hda5u","#","60 MB",
"prima.zip","PRIMA: Anti Terror & Begal","g",,"om5gr6pn1p1u4r5","#","62 MB",
"puzzlemasterdk.zip","PuzzleMaster DivineKids","g",,"4xhwtujb4t9ba31","#","33 MB",
"randomquiz.zip","Random Quiz","g",,"03n9yly2dqs35xb","#","18 MB",
"redridinghood.zip","The Twisted Tale of Little Red Riding Hood","g",,"11te6317iuoa1ah","#","5 MB",
"roncherry.zip","Ron Cherry","g",,"dkykcb14kvcy74q","#","17 MB",
"ruanganberacun.zip","Lolos dari Ruangan Beracun","g",,"37o686rg4kbmh37","#","11 MB",
"rumahtua.zip","Misteri Penunggu Rumah Tua","g",,"9zt1w451b2qo7kz","#","8 MB",
"samuraijabrik.zip","Samurai Jabrik","g",,"744lvk8ad1tdm6z","#","27 MB",
"sayembara.zip","Sayembara Kerajaan","g",,"5bq971f9esfg5e7","#","24 MB",
"sbyboedionogame.zip","SBY Boediono Game","g",,"bhgkq0fsrzi2m2c","#","6 MB",
"scarlet.zip","Scarlet Harvest","g",,"x6d9qj6r16hfaly","#","10 MB",
"sekolahgambar.zip","Sekolah Gambar","g",,"dov4kqutann08s8","#","17 MB",
"sekolahminggu.zip","Dunia Mewarnai Anak Sekolah Minggu","g",,"f61oidf60r7cu0y","#","2 MB",
"sepakbolanewest.zip","Sepak Bola Divine Kids","g",,"ns5xn5k0w8caov0","#","49 MB",
"serbuan.zip","Bambo vs Serbuan Anjing Perokok","g",,"c70d77dgcc7zrts","#","67 MB",
"serupa.zip","Serupa Tapi Beda","g",,"ccn1x9d8wqect4w","#","8 MB",
"sharkie.zip","Sharkie Angel","g",,"axpj2j0vcy6yajp","#","32 MB",
"shoppinggirl.zip","SHOPPING GIRL","c",,"req5p8x1j7yih6g","#","10 MB",
"sickdodgeball.zip","Siick Dodgleball","g",,"u867wx24j2h6ygw","#","43 MB",
"siegearm.zip","Siege Arm","g",,"pyzi9meoh8h7phe","#","152 KB",
"silentnight.zip","Silent Night (versi 1.00)","g",,"dmlz2y98d6v5kp7","#","32 MB",
"skyjump.zip","Sky Jump","g",,"w34jj2mo0aykxx8","#","8 MB",
"spdc.zip","Sumpah Palapa Divine Chronicle","c",,"z8onciaz4fjaaa9","#","1 MB",
"superseed.zip","Super Seed","g",,"jap6tqdvj373ool","#","17 MB",
"tangkapkoruptor.zip","Tangkap Koruptor","g",,"9lylyh6pnk8cn06","#","24 MB",
"tarocowboy.zip","Taro Cowboy","g",,"m4dnjf5q5ed75qj","#","16 MB",
"tarogunman.zip","Taro Gunman","g",,"m6xu854a861zug8","#","36 MB",
"taroquest.zip","Taro Quest","g",,"aateidiyixntami","#","53 MB",
"tarotembak.zip","Taro Tembak Blast","g",,"hxlitrnk385jplg","#","10 MB",
"tarungrasa.zip","TARUNG RASA","c",,"9babj60nfzk5xzu","#","2 MB",
"thedriver.zip","THE DRIVER","c",,"2l9dkl22roxkyok","#","1 MB",
"time-rocsanne.zip","TIME","c",,"hu5gv42d3cax5r5","#","923 KB",
"unspokenwords.zip","UNSPOKEN WORDS","c",,"3xfbooun24n6qte","#","1 MB",
"upgradeiq.zip","Upgrade IQ","g",,"8ai79rjet8ib5d6","#","14 MB",
"vampire.zip","Priest - Vampire Slayer","g",,"w70s1z5i6zmbwms","#","35 MB",
"vitruvian.zip","Vitruvian Project","g",,"ozth6cjexz8pygd","#","17 MB",
"wii.zip","Pelarian Wii","g",,"fqb55bcioz1q1i5","#","5 MB",
"wii2.zip","Pelarian Wii II","g",,"qqk0fvaqctr0rno","#","94 MB",