filename,contentname,type,timestamp,link/_mf,link/_kb,filesize,meta
13kerajaan.zip,13 Kerajaan (v1.82),g,,vz971tdd1d3zcuc,"/garett/divinekids-176704/13kerajaan,1188191.zip",26 MB,has subversion
abjadwar.zip,Abjad War,g,,uokhai7tcd3lolc,"/garett/divinekids-176704/abjadwar,1188184.zip",9 MB,
ace.zip,Ace Hard Core,g,,xnedtez5wg601gs,"/garett/divinekids-176704/ace,1188188.zip",10 MB,
advbutton.zip,The Adventure of Button,g,,14q2uddx41u15s9,"/garett/divinekids-176704/advbutton,1188192.zip",34 MB,
aigokoreacopy.zip,Aigo Korea (ver 1.00),g,,scz3bor2nu99m56,"/garett/divinekids-176704/aigokoreacopy,1188182.zip",7 MB,
ambush.zip,Ambush Leaders,g,,pd48jc93x1gj78b,"/garett/divinekids-176704/ambush,1246374.zip",7 MB,
andai.zip,Andai Aku Koruptor,g,,gr3d12lf42uttq2,"/garett/divinekids-176704/andai,1188177.zip",7 MB,
anjingperokokthegame.zip,Anjing Perokok (ver 1.00),g,,c9fh44kgvfp6c7z,"/garett/divinekids-176704/anjingperokokthegame,1246384.zip",12 MB,
anything4love.zip,Anything 4 Love,g,,g63qkw1yrk54gyn,"/garett/divinekids-176704/anything4love,1188186.zip",10 MB,
bajajjakarta.zip,Bajaj Jakarta,g,,8w4fcj1uk4swl2j,"/garett/divinekids-176704/bajajjakarta,1188190.zip",17 MB,
bakatbisnis.zip,Bakat Bisnis,g,,mv4xx4tn4vjx5is,"/garett/divinekids-176704/bakatbisnis,1188181.zip",9 MB,
bamboketik.zip,Pendekar Bambo Ketik,g,,bb74r7sa7798xyw,"/garett/divinekids-176704/bamboketik,1188180.zip",6 MB,
bamboquest.zip,Bambo Quest Melawan Raja Kobra,g,,8qfayv6hsez1d75,"/garett/divinekids-176704/bamboquest,1188187.zip",10 MB,
beda.zip,Beda,g,,0d6cklm3647cq6y,"/garett/divinekids-176704/beda,1188183.zip",9 MB,
bekantan.zip,Bekantan,g,,qvnfca26vbr0b34,"/garett/divinekids-176704/bekantan,1183883.zip",2 MB,swf
bello.zip,Bello Adventure,g,,i7956qf655pqaye,"/garett/divinekids-176704/bello,1222128.zip",19 MB,
berasbesar.zip,Beras Besar (light ver.),g,,obi9yn7s5td2ak4,"/garett/divinekids-176704/berasbesar,1222104.zip",7 MB,
bledhar.zip,Bambo Bledhar,g,,g30rsaaxcp55cxo,"/garett/divinekids-176704/bledhar,1222100.zip",8 MB,
botrayal.zip,Botrayal 3D,g,,cvec6w663npzy7q,"/garett/divinekids-176704/botrayal,1222148.zip",114 MB,
bubbletrouble.zip,Bubble and Trouble,g,,vkvenf5y7yqhhz7,"/garett/divinekids-176704/bubbletrouble,1222112.zip",8 MB,has subversion
burungmatika.zip,Burung Matika,g,,9ucb6g8tbc137f1,"/garett/divinekids-176704/burungmatika,1222150.zip",16 MB,
campusfighter.zip,Campus Fighter Turbo,g,,wi9o213wuc0is29,"/garett/divinekids-176704/campusfighter,1222135.zip",46 MB,
cangkul.zip,Magical Cangkul,g,,58qqjprvxezoh5r,"/garett/divinekids-176704/cangkul,1222117.zip",11 MB,
capres2014.zip,Game Carpres 2014,g,,7z5kjvpjq9jj94c,"/garett/divinekids-176704/capres2014,1222140.zip",44 MB,
capsa.zip,Kartu 13 Capsa,g,,i6sduc54j7te2p5,"/garett/divinekids-176704/capsa,1222103.zip",3 MB,
castaway.zip,Cast Away,g,,r5h4exh99nechfm,"/garett/divinekids-176704/castaway,1222126.zip",20 MB,
catur.zip,Catur Divinekids,g,,qmdfa4gsd0z03xe,"/garett/divinekids-176704/catur,1222114.zip",10 MB,
caturdjawa.zip,Catur Djawa Online,g,,4uq4j9p5b8v36bp,"/garett/divinekids-176704/caturdjawa,1273226.zip",9 MB,
cgc.zip,Campus Girl Crysis,g,,qpe1beiehvncnmb,"/garett/divinekids-176704/cgc,1222129.zip",31 MB,
cherrydays.zip,Cherry Days,g,,c8429stm4t48fet,"/garett/divinekids-176704/cherrydays,1222139.zip",41 MB,
ciciruangbangun.zip,Mari Berhitung Ruang Bangun,g,,0uy94a65tyaxro4,"/garett/divinekids-176704/ciciruangbangun,1222118.zip",13 MB,
crazyfireworks.zip,Crazy Fireworks,g,,jp8qsmnd9v1ct2w,"/garett/divinekids-176704/crazyfireworks,1222109.zip",6 MB,
cupid.zip,Cupid- Heart Diamond,g,,pa49b6j0zmwa9lr,"/garett/divinekids-176704/cupid,1273219.zip",28 MB,
dadu.zip,Dadu Master SE,g,,3tan7ji7o9ndu9d,"/garett/divinekids-176704/dadu,1222119.zip",15 MB,
darkkingdom.zip,The Adventure to Dark Kingdom,g,,hfmxk2x6mij5dnj,"/garett/divinekids-176704/darkkingdom,1222127.zip",25 MB,
daunkehidupan.zip,Daun Kehidupan,g,,aucprfg790140ia,"/garett/divinekids-176704/daunkehidupan,1222120.zip",20 MB,
deepseabattle.zip,Deep Sea Battle,g,,p0p66vhpwi6mxem,"/garett/divinekids-176704/deepseabattle,1222090.zip",3 MB,
dilarangbolossekolah.rar,Dilarang Bolos Sekolah,g,,ho4qax2hc17toaw,"/garett/divinekids-176704/dilarangbolossekolah,1222102.rar",7 MB,swf alt
dishfrenzy.zip,Dish Frenzy,g,,bdpvu8au3bpq1w6,"/garett/divinekids-176704/dishfrenzy,1222101.zip",4 MB,
divinejet-beta.zip,Divine Jets Beta,g,,bu3jaebbrefzquj,"/garett/divinekids-176704/divinejet-beta,1183884.zip",3 MB,
divinekidsr.zip,Divinekids R,g,,yhh6rhud3clsc2n,"/garett/divinekids-176704/divinekidsr,1246389.zip",45 MB,
dksf.zip,Divine Kids Strategy Frontier,g,,8zc1wrg6378i1z5,"/garett/divinekids-176704/dksf,1222136.zip",80 MB,
dma.zip,Dunia Mewarnai Anak,g,,4xpn6vg3bzdggjx,"/garett/divinekids-176704/dma,1183885.zip",2 MB,
duniamewarnaidk.zip,Dunia Mewarnai Divinekids,g,,tb11bczq6bq9715,"/garett/divinekids-176704/duniamewarnaidk,1183889.zip",3 MB,
echoes.zip,Echoes of Silence,g,,ql616tsh5c5hs82,"/garett/divinekids-176704/echoes,1222145.zip",103 MB,
engarde.zip,En Garde (HP Nokia),g,,1z7rn81kf6abhyy,"/garett/divinekids-176704/engarde,1222185.zip",35 MB,
englishbook1.zip,English Book 1,g,,7zu2w0lj7h72x24,"/garett/divinekids-176704/englishbook1,1222077.zip",24 MB,
englishwords.zip,English Words,g,,ye83ad4ztaxkcxy,"/garett/divinekids-176704/englishwords,1188449.zip",8 MB,
eril.zip,Petualangan Eril,g,,yqz1r0me6f4g96m,"/garett/divinekids-176704/eril,1222076.zip",27 MB,
escapingcastle.zip,Escaping Castle,g,,olz3q3x21zkke94,"/garett/divinekids-176704/escapingcastle,1222073.zip",20 MB,
farmonster.zip,Farmonster,g,,0j2qoi09tffkvk6,"/garett/divinekids-176704/farmonster,1188461.zip",10 MB,has apk version
flippo.zip,Flippo,g,,f5acieayxuyv8yc,"/garett/divinekids-176704/flippo,1222071.zip",20 MB,
forestia.zip,Forestia,g,,ff9f7ofx3l34mxg,"/garett/divinekids-176704/forestia,1188450.zip",9 MB,
frixa.zip,Frixia,g,,zp9b3enu5berjda,"/garett/divinekids-176704/frixa,1222113.zip",75 MB,
funfunstudy.zip,Fun Fun Study,g,,xhcy7d3src8me85,"/garett/divinekids-176704/funfunstudy,1222066.zip",20 MB,
galacticbattle.zip,Galactic Battle,g,,qemmx0drd482ad1,"/garett/divinekids-176704/galacticbattle,1188447.zip",8 MB,
gameku.zip,Gameku Sendiri,g,,7mzyecuyz4tonbu,"/garett/divinekids-176704/gameku,1222060.zip",21 MB,
gamesby.zip,Game SBY Anti Koruptor,g,,78jr9btbj0o8job,"/garett/divinekids-176704/gamesby,1188443.zip",6 MB,
gamestrategiku.zip,Game Strategiku,g,,551kwho15zh3ok1,"/garett/divinekids-176704/gamestrategiku,1246381.zip",10 MB,
garudajetz.zip,Garuda Jetz v1.25,g,,o06ia6fpijclqx0,"/garett/divinekids-176704/garudajetz,1188486.zip",18 MB,
gasingpoxieterbang.zip,Matematika Gasing Poxie Terbang,g,,ju25ahxhqsszver,"/garett/divinekids-176704/gasingpoxieterbang,1188454.zip",10 MB,swf alt
gatotkaca2159.zip,Gatot Kaca 2159,g,,mll4o1v28vdy3wa,"/garett/divinekids-176704/gatotkaca2159,1183891.zip",3 MB,
gic.zip,Ghost In Campus,g,,havycz7uhoa7e01,"/garett/divinekids-176704/gic,1222070.zip",20 MB,
hadapiun.zip,Hadapi UN,g,,4p8dbml5f78v3g5,"/garett/divinekids-176704/hadapiun,1226686.zip",35 MB,
hitung.zip,Berhitung Keren DK,g,,13e1pekohtjk5dd,"/garett/divinekids-176704/hitung,1188456.zip",11 MB,
indonesiamerdeka17an.apk,Indonesia Merdeka,g,,3pkor8rr8fupdno,"/garett/divinekids-176704/indonesiamerdeka17an,1188462.apk",13 MB,
indorace.zip,Indorace (Demo),g,,8cjzu1kf69w48ej,"/garett/divinekids-176704/indorace,1222052.zip",38 MB,
jaran.zip,Jaran DivineKids Menyamakan Bentuk,g,,qd6w7cl677kappg,"/garett/divinekids-176704/jaran,1188455.zip",10 MB,
jojojeje.zip,Petualangan Jojo Jeje,g,,264dvbjo944bwp9,"/garett/divinekids-176704/jojojeje,1222036.zip",16 MB,
kaguya.zip,The Princess Kaguya,g,,283pm3ncuvcbidg,"/garett/divinekids-176704/kaguya,1188457.zip",11 MB,
kameraterkutuk.zip,Kamera Terkutuk,g,,70w9p96n5cs2xwx,"/garett/divinekids-176704/kameraterkutuk,1222051.zip",27 MB,
kaptenpembasmi.zip,Kapten Pembasmi,g,,5395lpz2qqnd9ez,"/garett/divinekids-176704/kaptenpembasmi,1188473.zip",18 MB,
kidiketapel.zip,Kidi Ketapel (ver 1.20),g,,pc769sg24a09arx,"/garett/divinekids-176704/kidiketapel,1246382.zip",10 MB,
kkdkalpha.zip,Kartu Kembar DK Alpha,g,,8qjqx5xg6uduqnv,"/garett/divinekids-176704/kkdkalpha,1222045.zip",23 MB,
kkdkmbhs.zip,Kartu Kembar DK Multi Bahasa,g,,h1a6ht6yn3bz6nw,"/garett/divinekids-176704/kkdkmbhs,1222044.zip",26 MB,
kkdkvariasi.zip,Kartu Kembar Variasi,g,,8r8g36g1gu3brj7,"/garett/divinekids-176704/kkdkvariasi,1188411.zip",4 MB,
knightlegend.zip,Knight Legend,g,,z6w901ei6e6gpa9,"/garett/divinekids-176704/knightlegend,1222035.zip",20 MB,
kokinusantara.zip,Koki Nusantara,g,,h5f4ovb8u4279vu,"/garett/divinekids-176704/kokinusantara,1188480.zip",21 MB,swf alt
kuis.zip,Kuis Kata DK,g,,pq0l8edbfamfa98,"/garett/divinekids-176704/kuis,1188414.zip",5 MB,
kuis7m.zip,Kuis 7 Miliar Rupiah / 7 Billion Quiz,g,,bdp6s5d0d8dn193,"/garett/divinekids-176704/kuis7m,1188471.zip",14 MB,
lostvillage.zip,The Lost Village,g,,u79sst8r8hxg0ze,"/garett/divinekids-176704/lostvillage,1188488.zip",16 MB,
lovediamond.zip,Love Diamond,g,,btun55b1m42r05e,"/garett/divinekids-176704/lovediamond,1246387.zip",29 MB,
lovej.zip,Love Journey,g,,mhx4b2ua14afhrj,"/garett/divinekids-176704/lovej,1246388.zip",17 MB,
lu.zip,The Adventure of Xiao Lu,g,,4igq6rvdepk99g1,"/garett/divinekids-176704/lu,1222147.zip",359 MB,
mangkokdk.zip,Mangkok Cepat DK / Quick Bowl DK,g,,o3e668buk0kwtw3,"/garett/divinekids-176704/mangkokdk,1183876.zip",2 MB,
marathon.zip,Marathon,g,,u5uyhb4275ymytn,"/garett/divinekids-176704/marathon,1188472.zip",15 MB,
mathcurse.swf,Math Curse,g,,a3ena5g0eevyad7,"/garett/divinekids-176704/mathcurse,1246373.zip",3 MB,swf only
mbk.zip,Mobil Balap Ketik,g,,bcob8bcrmjc416j,"/garett/divinekids-176704/mbk,1183823.zip",704 KB,
medi.zip,Journel of Medi,g,,rd6hu632daz6nje,"/garett/divinekids-176704/medi,1188448.zip",10 MB,
mesias.zip,Mesias / Messiah,g,,d4da65rye5v6fre,"/garett/divinekids-176704/mesias,1222047.zip",38 MB,has subversion
misibesar.zip,Misi Besar Divine Edu,g,,627jgg0j77sd2tl,"/garett/divinekids-176704/misibesar,1222049.zip",39 MB,
mo.zip,Mo's Day Out,g,,6x9mmkanqg9qasd,"/garett/divinekids-176704/mo,1246372.zip",7 MB,
mobilkebut.zip,Mobil Negbut!,g,,5p4ljnnx55upq1o,"/garett/divinekids-176704/mobilkebut,1222048.zip",40 MB,
momoko.zip,The Adventure of Momoko,g,,lmf6x59ep3lc4s2,"/garett/divinekids-176704/momoko,1222054.zip",74 MB,
monster.zip,Monster Jahat Buster,g,,f5exqaalh5upvsu,"/garett/divinekids-176704/monster,1188410.zip",7 MB,
mozzymizzy.zip,Mozzy Mizzy,g,,5erbr521vae7rno,"/garett/divinekids-176704/mozzymizzy,1221989.zip",51 MB,
mrpocong.zip,Misteri Raja Pocong,g,,wc37w4ib2d7lc2r,"/garett/divinekids-176704/mrpocong,1221984.zip",40 MB,
n1botr.zip,Nevanoid 1 New,g,,30pid2b990wpbsg,"/garett/divinekids-176704/n1botr,1221969.zip",49 MB,duplicate
namahewan3bahasa.zip,Nama Hewan 3 Bahasa,g,,32016vyv4l5kg21,"/garett/divinekids-176704/namahewan3bahasa,1188460.zip",13 MB,
nanny.zip,The Nanny,g,,wvsmx1cx6elg5u5,"/garett/divinekids-176704/nanny,1188485.zip",21 MB,
nasitumpengpresiden.zip,Nasi Tumpeng Presiden,g,,hcblgkmqvpopycb,"/garett/divinekids-176704/nasitumpengpresiden,1188429.zip",8 MB,
nevanoid.zip,Nevanoid,g,,bfct1pqtb9ty1xt,"/garett/divinekids-176704/nevanoid,1221971.zip",57 MB,has subversion
ngoceh.zip,Ngoceh Indonesia,g,,d4s1pts91utbn0a,"/garett/divinekids-176704/ngoceh,1222009.zip",79 MB,
paichelo.zip,Pai Che Lo,g,,6ub8prakyd2k24z,"/garett/divinekids-176704/paichelo,1221960.zip",68 MB,
panco.zip,Panco Master,g,,j2m7hk664hkr95t,"/garett/divinekids-176704/panco,1221956.zip",48 MB,
pecahanfractions.zip,Bilangan Pecahan Fraction Survival,g,,gzxhzr89n6xzmuk,"/garett/divinekids-176704/pecahanfractions,1188397.zip",4 MB,
pejuang.zip,Pejuang Indonesia,g,,w1yco9moc5lh1bc,"/garett/divinekids-176704/pejuang,1221988.zip",134 MB,
pemburujahat.zip,Pemburu Jahat,g,,uc7htb2ufo85sc7,"/garett/divinekids-176704/pemburujahat,1221915.zip",46 MB,
pemburupocong.zip,Pemburu Pocong,g,,5am7wkr52uz76my,"/garett/divinekids-176704/pemburupocong,1183802.zip",399 KB,
pemburutikus.zip,Pemburu Tikus,g,,615ab1mbz9enfqb,"/garett/divinekids-176704/pemburutikus,1183853.zip",2 MB,
pemilu2004.zip,Game Pemilu 2004,g,,somfth5dfdh566r,"/garett/divinekids-176704/pemilu2004,1188315.zip",9 MB,
pemilu2009.zip,Game Pemilu 2009,g,,n8dw6vzz9ik6avv,"/garett/divinekids-176704/pemilu2009,1188314.zip",8 MB,
pentungbambo.zip,Pentung Bambo (HP Nokia),g,,7t35h510p591lw2,"/garett/divinekids-176704/pentungbambo,1183801.zip",213 KB,
petdivine.zip,Petualangan Divinekids,g,,kwa6fl92j632x2x,"/garett/divinekids-176704/petdivine,1188316.zip",32 MB,
pomme.zip,Pomme,g,,okaemi1ew1hda5u,"/garett/divinekids-176704/pomme,1188327.zip",60 MB,
prima.zip,PRIMA: Anti Terror & Begal,g,,om5gr6pn1p1u4r5,"/garett/divinekids-176704/prima,1188330.zip",62 MB,
puzzlemasterdk.zip,PuzzleMaster DivineKids,g,,4xhwtujb4t9ba31,"/garett/divinekids-176704/puzzlemasterdk,1188320.zip",33 MB,
randomquiz.zip,Random Quiz,g,,03n9yly2dqs35xb,"/garett/divinekids-176704/randomquiz,1188293.zip",18 MB,
redridinghood.zip,The Twisted Tale of Little Red Riding Hood,g,,11te6317iuoa1ah,"/garett/divinekids-176704/redridinghood,1188274.zip",5 MB,
roncherry.zip,Ron Cherry,g,,dkykcb14kvcy74q,"/garett/divinekids-176704/roncherry,1188292.zip",17 MB,
ruanganberacun.zip,Lolos dari Ruangan Beracun,g,,37o686rg4kbmh37,"/garett/divinekids-176704/ruanganberacun,1246375.zip",11 MB,
rumahtua.zip,Misteri Penunggu Rumah Tua,g,,9zt1w451b2qo7kz,"/garett/divinekids-176704/rumahtua,1188286.zip",8 MB,
samuraijabrik.zip,Samurai Jabrik,g,,744lvk8ad1tdm6z,"/garett/divinekids-176704/samuraijabrik,1188312.zip",27 MB,
sayembara.zip,Sayembara Kerajaan,g,,5bq971f9esfg5e7,"/garett/divinekids-176704/sayembara,1188300.zip",24 MB,
sbyboedionogame.zip,SBY Boediono Game,g,,bhgkq0fsrzi2m2c,"/garett/divinekids-176704/sbyboedionogame,1188276.zip",6 MB,
scarlet.zip,Scarlet Harvest,g,,x6d9qj6r16hfaly,"/garett/divinekids-176704/scarlet,1188284.zip",10 MB,
sekolahgambar.zip,Sekolah Gambar,g,,dov4kqutann08s8,"/garett/divinekids-176704/sekolahgambar,1188288.zip",17 MB,
sekolahminggu.zip,Dunia Mewarnai Anak Sekolah Minggu,g,,f61oidf60r7cu0y,"/garett/divinekids-176704/sekolahminggu,1183848.zip",2 MB,
sepakbolanewest.zip,Sepak Bola Divine Kids,g,,ns5xn5k0w8caov0,"/garett/divinekids-176704/sepakbolanewest,1188323.zip",49 MB,
serbuan.zip,Bambo vs Serbuan Anjing Perokok,g,,c70d77dgcc7zrts,"/garett/divinekids-176704/serbuan,1246393.zip",67 MB,
serupa.zip,Serupa Tapi Beda,g,,ccn1x9d8wqect4w,"/garett/divinekids-176704/serupa,1188270.zip",8 MB,
sharkie.zip,Sharkie Angel,g,,axpj2j0vcy6yajp,"/garett/divinekids-176704/sharkie,1188308.zip",32 MB,
sickdodgeball.zip,Siick Dodgleball,g,,u867wx24j2h6ygw,"/garett/divinekids-176704/sickdodgeball,1188306.zip",43 MB,
siegearm.zip,Siege Arm,g,,pyzi9meoh8h7phe,"/garett/divinekids-176704/siegearm,1183795.zip",152 KB,
silentnight.zip,Silent Night (versi 1.00),g,,dmlz2y98d6v5kp7,"/garett/divinekids-176704/silentnight,1188242.zip",32 MB,
skyjump.zip,Sky Jump,g,,w34jj2mo0aykxx8,"/garett/divinekids-176704/skyjump,1188211.zip",8 MB,
superseed.zip,Super Seed,g,,jap6tqdvj373ool,"/garett/divinekids-176704/superseed,1188228.zip",17 MB,
tangkapkoruptor.zip,Tangkap Koruptor,g,,9lylyh6pnk8cn06,"/garett/divinekids-176704/tangkapkoruptor,1188236.zip",24 MB,
tarocowboy.zip,Taro Cowboy,g,,m4dnjf5q5ed75qj,"/garett/divinekids-176704/tarocowboy,1188227.zip",16 MB,
tarogunman.zip,Taro Gunman,g,,m6xu854a861zug8,"/garett/divinekids-176704/tarogunman,1188245.zip",36 MB,
taroquest.zip,Taro Quest,g,,aateidiyixntami,"/garett/divinekids-176704/taroquest,1188249.zip",53 MB,
tarotembak.zip,Taro Tembak Blast,g,,hxlitrnk385jplg,"/garett/divinekids-176704/tarotembak,1188221.zip",10 MB,
upgradeiq.zip,Upgrade IQ,g,,8ai79rjet8ib5d6,"/garett/divinekids-176704/upgradeiq,1188229.zip",14 MB,
vampire.zip,Priest - Vampire Slayer,g,,w70s1z5i6zmbwms,"/garett/divinekids-176704/vampire,1246391.zip",35 MB,
vitruvian.zip,Vitruvian Project,g,,ozth6cjexz8pygd,"/garett/divinekids-176704/vitruvian,1246379.zip",17 MB,
wii.zip,Pelarian Wii,g,,fqb55bcioz1q1i5,"/garett/divinekids-176704/wii,1188213.zip",5 MB,
wii2.zip,Pelarian Wii II,g,,qqk0fvaqctr0rno,"/garett/divinekids-176704/wii2,1188265.zip",94 MB,
divinekids-malinkundang.zip,Divine Kids - Malin Kundang,c,,fheym0y00479jf6,"/garett/divinekids-c-176705/detektifbambang,1234888.zip",3 MB,
spdc.zip,Sumpah Palapa Divine Chronicle,c,,z8onciaz4fjaaa9,"/garett/divinekids-c-176705/spdc,1234874.zip",1 MB,
bamboijo1b.zip,Bambo Ijo,c,,aw6ps0q75pf23bo,"/garett/divinekids-c-176705/bambobandel,1234873.zip",632 KB,
petbambo.zip,Petualangan Bambo,c,,h39eeja75i9koqr,"/garett/divinekids-c-176705/penjagacinta,1234886.zip",2 MB,
bambobandel.zip,Si Bandel Bambo,c,,f0hree56jp6aeq8,"/garett/divinekids-c-176705/shoppinggirl,1234877.zip",1 MB,
kuasajaib.zip,KUAS AJAIB,c,,8fkcab7tbqxfyc9,"/garett/divinekids-c-176705/komikita,1234880.zip",3 MB,
harisialkidi.zip,Hari Sial Kidi,c,,c5c6t686mcqaqv7,"/garett/divinekids-c-176705/hamsterrakyat,1234887.zip",2 MB,
jagoansampahskets.zip,Jagoan Sampah (SKETSA),c,,6dfebikj6igmqyo,"/garett/divinekids-c-176705/idontwannabe,1234884.zip",2 MB,
octo-krusto.zip,OCTO,c,,qao9a3w6ywma6l9,"/garett/divinekids-c-176705/kuasajaib,1234878.zip",450 KB,
time-rocsanne.zip,TIME,c,,hu5gv42d3cax5r5,"/garett/divinekids-c-176705/time-rocsanne,1234879.zip",923 KB,
hamsterrakyat.zip,HAMSTER RAKYAT,c,,981gpx8zyk6c6ul,"/garett/divinekids-c-176705/divinekids-malinkundang,1234896.zip",55 MB,
thedriver.zip,THE DRIVER,c,,2l9dkl22roxkyok,"/garett/divinekids-c-176705/thedriver,1234885.zip",1 MB,
idontwannabe.zip,I DON'T WANNA BE,c,,f153ttzwt50vlke,"/garett/divinekids-c-176705/harisialkidi,1234881.zip",2 MB,
tarungrasa.zip,TARUNG RASA,c,,9babj60nfzk5xzu,"/garett/divinekids-c-176705/tarungrasa,1234889.zip",2 MB,
shoppinggirl.zip,SHOPPING GIRL,c,,req5p8x1j7yih6g,"/garett/divinekids-c-176705/petbambo,1234891.zip",10 MB,
detektifbambang.zip,DETEKTIF BAMBANG,c,,p7zlll92fn4w8d4,"/garett/divinekids-c-176705/bambotakutular,1234882.zip",2 MB,
komikita.zip,KOMIKITA,c,,3big0i3pr92htz6,"/garett/divinekids-c-176705/jagoansampahskets,1234890.zip",5 MB,
penjagacinta.zip,PENJAGA CINTA,c,,y2ao4nc2f6q7n56,"/garett/divinekids-c-176705/octo-krusto,1234883.zip",1 MB,
unspokenwords.zip,UNSPOKEN WORDS,c,,3xfbooun24n6qte,"/garett/divinekids-c-176705/unspokenwords,1234875.zip",1 MB,
anakterlaludimanja.zip,ANAK TERLALU DIMANJA,c,,wp74vi468g1ix0x,"/garett/divinekids-c-176705/anakterlaludimanja,1234872.zip",775 KB,
bambotakutular.zip,BAMBO TAKUT ULAR,c,,rt4adczw4poxoe8,"/garett/divinekids-c-176705/bamboijo1b,1234876.zip",1 MB,